source_row,species,body_mass_g,island,bill_length_mm,bill_depth_mm,flipper_length_mm,sex,year
2,Adelie,3750,Torgersen,39.1,18.7,181,male,2007
3,Adelie,3800,Torgersen,39.5,17.4,186,female,2007
4,Adelie,3250,Torgersen,40.3,18,195,female,2007
6,Adelie,3450,Torgersen,36.7,19.3,193,female,2007
7,Adelie,3650,Torgersen,39.3,20.6,190,male,2007
8,Adelie,3625,Torgersen,38.9,17.8,181,female,2007
9,Adelie,4675,Torgersen,39.2,19.6,195,male,2007
10,Adelie,3475,Torgersen,34.1,18.1,193,NA,2007
11,Adelie,4250,Torgersen,42,20.2,190,NA,2007
12,Adelie,3300,Torgersen,37.8,17.1,186,NA,2007
13,Adelie,3700,Torgersen,37.8,17.3,180,NA,2007
14,Adelie,3200,Torgersen,41.1,17.6,182,female,2007
15,Adelie,3800,Torgersen,38.6,21.2,191,male,2007
16,Adelie,4400,Torgersen,34.6,21.1,198,male,2007
17,Adelie,3700,Torgersen,36.6,17.8,185,female,2007
18,Adelie,3450,Torgersen,38.7,19,195,female,2007
19,Adelie,4500,Torgersen,42.5,20.7,197,male,2007
20,Adelie,3325,Torgersen,34.4,18.4,184,female,2007
21,Adelie,4200,Torgersen,46,21.5,194,male,2007
22,Adelie,3400,Biscoe,37.8,18.3,174,female,2007
23,Adelie,3600,Biscoe,37.7,18.7,180,male,2007
24,Adelie,3800,Biscoe,35.9,19.2,189,female,2007
25,Adelie,3950,Biscoe,38.2,18.1,185,male,2007
26,Adelie,3800,Biscoe,38.8,17.2,180,male,2007
27,Adelie,3800,Biscoe,35.3,18.9,187,female,2007
28,Adelie,3550,Biscoe,40.6,18.6,183,male,2007
29,Adelie,3200,Biscoe,40.5,17.9,187,female,2007
30,Adelie,3150,Biscoe,37.9,18.6,172,female,2007
31,Adelie,3950,Biscoe,40.5,18.9,180,male,2007
32,Adelie,3250,Dream,39.5,16.7,178,female,2007
33,Adelie,3900,Dream,37.2,18.1,178,male,2007
34,Adelie,3300,Dream,39.5,17.8,188,female,2007
35,Adelie,3900,Dream,40.9,18.9,184,male,2007
36,Adelie,3325,Dream,36.4,17,195,female,2007
37,Adelie,4150,Dream,39.2,21.1,196,male,2007
38,Adelie,3950,Dream,38.8,20,190,male,2007
39,Adelie,3550,Dream,42.2,18.5,180,female,2007
40,Adelie,3300,Dream,37.6,19.3,181,female,2007
41,Adelie,4650,Dream,39.8,19.1,184,male,2007
42,Adelie,3150,Dream,36.5,18,182,female,2007
43,Adelie,3900,Dream,40.8,18.4,195,male,2007
44,Adelie,3100,Dream,36,18.5,186,female,2007
45,Adelie,4400,Dream,44.1,19.7,196,male,2007
46,Adelie,3000,Dream,37,16.9,185,female,2007
47,Adelie,4600,Dream,39.6,18.8,190,male,2007
48,Adelie,3425,Dream,41.1,19,182,male,2007
49,Adelie,2975,Dream,37.5,18.9,179,NA,2007
50,Adelie,3450,Dream,36,17.9,190,female,2007
51,Adelie,4150,Dream,42.3,21.2,191,male,2007
52,Adelie,3500,Biscoe,39.6,17.7,186,female,2008
53,Adelie,4300,Biscoe,40.1,18.9,188,male,2008
54,Adelie,3450,Biscoe,35,17.9,190,female,2008
55,Adelie,4050,Biscoe,42,19.5,200,male,2008
56,Adelie,2900,Biscoe,34.5,18.1,187,female,2008
57,Adelie,3700,Biscoe,41.4,18.6,191,male,2008
58,Adelie,3550,Biscoe,39,17.5,186,female,2008
59,Adelie,3800,Biscoe,40.6,18.8,193,male,2008
60,Adelie,2850,Biscoe,36.5,16.6,181,female,2008
61,Adelie,3750,Biscoe,37.6,19.1,194,male,2008
62,Adelie,3150,Biscoe,35.7,16.9,185,female,2008
63,Adelie,4400,Biscoe,41.3,21.1,195,male,2008
64,Adelie,3600,Biscoe,37.6,17,185,female,2008
65,Adelie,4050,Biscoe,41.1,18.2,192,male,2008
66,Adelie,2850,Biscoe,36.4,17.1,184,female,2008
67,Adelie,3950,Biscoe,41.6,18,192,male,2008
68,Adelie,3350,Biscoe,35.5,16.2,195,female,2008
69,Adelie,4100,Biscoe,41.1,19.1,188,male,2008
70,Adelie,3050,Torgersen,35.9,16.6,190,female,2008
71,Adelie,4450,Torgersen,41.8,19.4,198,male,2008
72,Adelie,3600,Torgersen,33.5,19,190,female,2008
73,Adelie,3900,Torgersen,39.7,18.4,190,male,2008
74,Adelie,3550,Torgersen,39.6,17.2,196,female,2008
75,Adelie,4150,Torgersen,45.8,18.9,197,male,2008
76,Adelie,3700,Torgersen,35.5,17.5,190,female,2008
77,Adelie,4250,Torgersen,42.8,18.5,195,male,2008
78,Adelie,3700,Torgersen,40.9,16.8,191,female,2008
79,Adelie,3900,Torgersen,37.2,19.4,184,male,2008
80,Adelie,3550,Torgersen,36.2,16.1,187,female,2008
81,Adelie,4000,Torgersen,42.1,19.1,195,male,2008
82,Adelie,3200,Torgersen,34.6,17.2,189,female,2008
83,Adelie,4700,Torgersen,42.9,17.6,196,male,2008
84,Adelie,3800,Torgersen,36.7,18.8,187,female,2008
85,Adelie,4200,Torgersen,35.1,19.4,193,male,2008
86,Adelie,3350,Dream,37.3,17.8,191,female,2008
87,Adelie,3550,Dream,41.3,20.3,194,male,2008
88,Adelie,3800,Dream,36.3,19.5,190,male,2008
89,Adelie,3500,Dream,36.9,18.6,189,female,2008
90,Adelie,3950,Dream,38.3,19.2,189,male,2008
91,Adelie,3600,Dream,38.9,18.8,190,female,2008
92,Adelie,3550,Dream,35.7,18,202,female,2008
93,Adelie,4300,Dream,41.1,18.1,205,male,2008
94,Adelie,3400,Dream,34,17.1,185,female,2008
95,Adelie,4450,Dream,39.6,18.1,186,male,2008
96,Adelie,3300,Dream,36.2,17.3,187,female,2008
97,Adelie,4300,Dream,40.8,18.9,208,male,2008
98,Adelie,3700,Dream,38.1,18.6,190,female,2008
99,Adelie,4350,Dream,40.3,18.5,196,male,2008
100,Adelie,2900,Dream,33.1,16.1,178,female,2008
101,Adelie,4100,Dream,43.2,18.5,192,male,2008
102,Adelie,3725,Biscoe,35,17.9,192,female,2009
103,Adelie,4725,Biscoe,41,20,203,male,2009
104,Adelie,3075,Biscoe,37.7,16,183,female,2009
105,Adelie,4250,Biscoe,37.8,20,190,male,2009
106,Adelie,2925,Biscoe,37.9,18.6,193,female,2009
107,Adelie,3550,Biscoe,39.7,18.9,184,male,2009
108,Adelie,3750,Biscoe,38.6,17.2,199,female,2009
109,Adelie,3900,Biscoe,38.2,20,190,male,2009
110,Adelie,3175,Biscoe,38.1,17,181,female,2009
111,Adelie,4775,Biscoe,43.2,19,197,male,2009
112,Adelie,3825,Biscoe,38.1,16.5,198,female,2009
113,Adelie,4600,Biscoe,45.6,20.3,191,male,2009
114,Adelie,3200,Biscoe,39.7,17.7,193,female,2009
115,Adelie,4275,Biscoe,42.2,19.5,197,male,2009
116,Adelie,3900,Biscoe,39.6,20.7,191,female,2009
117,Adelie,4075,Biscoe,42.7,18.3,196,male,2009
118,Adelie,2900,Torgersen,38.6,17,188,female,2009
119,Adelie,3775,Torgersen,37.3,20.5,199,male,2009
120,Adelie,3350,Torgersen,35.7,17,189,female,2009
121,Adelie,3325,Torgersen,41.1,18.6,189,male,2009
122,Adelie,3150,Torgersen,36.2,17.2,187,female,2009
123,Adelie,3500,Torgersen,37.7,19.8,198,male,2009
124,Adelie,3450,Torgersen,40.2,17,176,female,2009
125,Adelie,3875,Torgersen,41.4,18.5,202,male,2009
126,Adelie,3050,Torgersen,35.2,15.9,186,female,2009
127,Adelie,4000,Torgersen,40.6,19,199,male,2009
128,Adelie,3275,Torgersen,38.8,17.6,191,female,2009
129,Adelie,4300,Torgersen,41.5,18.3,195,male,2009
130,Adelie,3050,Torgersen,39,17.1,191,female,2009
131,Adelie,4000,Torgersen,44.1,18,210,male,2009
132,Adelie,3325,Torgersen,38.5,17.9,190,female,2009
133,Adelie,3500,Torgersen,43.1,19.2,197,male,2009
134,Adelie,3500,Dream,36.8,18.5,193,female,2009
135,Adelie,4475,Dream,37.5,18.5,199,male,2009
136,Adelie,3425,Dream,38.1,17.6,187,female,2009
137,Adelie,3900,Dream,41.1,17.5,190,male,2009
138,Adelie,3175,Dream,35.6,17.5,191,female,2009
139,Adelie,3975,Dream,40.2,20.1,200,male,2009
140,Adelie,3400,Dream,37,16.5,185,female,2009
141,Adelie,4250,Dream,39.7,17.9,193,male,2009
142,Adelie,3400,Dream,40.2,17.1,193,female,2009
143,Adelie,3475,Dream,40.6,17.2,187,male,2009
144,Adelie,3050,Dream,32.1,15.5,188,female,2009
145,Adelie,3725,Dream,40.7,17,190,male,2009
146,Adelie,3000,Dream,37.3,16.8,192,female,2009
147,Adelie,3650,Dream,39,18.7,185,male,2009
148,Adelie,4250,Dream,39.2,18.6,190,male,2009
149,Adelie,3475,Dream,36.6,18.4,184,female,2009
150,Adelie,3450,Dream,36,17.8,195,female,2009
151,Adelie,3750,Dream,37.8,18.1,193,male,2009
152,Adelie,3700,Dream,36,17.1,187,female,2009
153,Adelie,4000,Dream,41.5,18.5,201,male,2009
154,Gentoo,4500,Biscoe,46.1,13.2,211,female,2007
155,Gentoo,5700,Biscoe,50,16.3,230,male,2007
156,Gentoo,4450,Biscoe,48.7,14.1,210,female,2007
157,Gentoo,5700,Biscoe,50,15.2,218,male,2007
158,Gentoo,5400,Biscoe,47.6,14.5,215,male,2007
159,Gentoo,4550,Biscoe,46.5,13.5,210,female,2007
160,Gentoo,4800,Biscoe,45.4,14.6,211,female,2007
161,Gentoo,5200,Biscoe,46.7,15.3,219,male,2007
162,Gentoo,4400,Biscoe,43.3,13.4,209,female,2007
163,Gentoo,5150,Biscoe,46.8,15.4,215,male,2007
164,Gentoo,4650,Biscoe,40.9,13.7,214,female,2007
165,Gentoo,5550,Biscoe,49,16.1,216,male,2007
166,Gentoo,4650,Biscoe,45.5,13.7,214,female,2007
167,Gentoo,5850,Biscoe,48.4,14.6,213,male,2007
168,Gentoo,4200,Biscoe,45.8,14.6,210,female,2007
169,Gentoo,5850,Biscoe,49.3,15.7,217,male,2007
170,Gentoo,4150,Biscoe,42,13.5,210,female,2007
171,Gentoo,6300,Biscoe,49.2,15.2,221,male,2007
172,Gentoo,4800,Biscoe,46.2,14.5,209,female,2007
173,Gentoo,5350,Biscoe,48.7,15.1,222,male,2007
174,Gentoo,5700,Biscoe,50.2,14.3,218,male,2007
175,Gentoo,5000,Biscoe,45.1,14.5,215,female,2007
176,Gentoo,4400,Biscoe,46.5,14.5,213,female,2007
177,Gentoo,5050,Biscoe,46.3,15.8,215,male,2007
178,Gentoo,5000,Biscoe,42.9,13.1,215,female,2007
179,Gentoo,5100,Biscoe,46.1,15.1,215,male,2007
180,Gentoo,4100,Biscoe,44.5,14.3,216,NA,2007
181,Gentoo,5650,Biscoe,47.8,15,215,male,2007
182,Gentoo,4600,Biscoe,48.2,14.3,210,female,2007
183,Gentoo,5550,Biscoe,50,15.3,220,male,2007
184,Gentoo,5250,Biscoe,47.3,15.3,222,male,2007
185,Gentoo,4700,Biscoe,42.8,14.2,209,female,2007
186,Gentoo,5050,Biscoe,45.1,14.5,207,female,2007
187,Gentoo,6050,Biscoe,59.6,17,230,male,2007
188,Gentoo,5150,Biscoe,49.1,14.8,220,female,2008
189,Gentoo,5400,Biscoe,48.4,16.3,220,male,2008
190,Gentoo,4950,Biscoe,42.6,13.7,213,female,2008
191,Gentoo,5250,Biscoe,44.4,17.3,219,male,2008
192,Gentoo,4350,Biscoe,44,13.6,208,female,2008
193,Gentoo,5350,Biscoe,48.7,15.7,208,male,2008
194,Gentoo,3950,Biscoe,42.7,13.7,208,female,2008
195,Gentoo,5700,Biscoe,49.6,16,225,male,2008
196,Gentoo,4300,Biscoe,45.3,13.7,210,female,2008
197,Gentoo,4750,Biscoe,49.6,15,216,male,2008
198,Gentoo,5550,Biscoe,50.5,15.9,222,male,2008
199,Gentoo,4900,Biscoe,43.6,13.9,217,female,2008
200,Gentoo,4200,Biscoe,45.5,13.9,210,female,2008
201,Gentoo,5400,Biscoe,50.5,15.9,225,male,2008
202,Gentoo,5100,Biscoe,44.9,13.3,213,female,2008
203,Gentoo,5300,Biscoe,45.2,15.8,215,male,2008
204,Gentoo,4850,Biscoe,46.6,14.2,210,female,2008
205,Gentoo,5300,Biscoe,48.5,14.1,220,male,2008
206,Gentoo,4400,Biscoe,45.1,14.4,210,female,2008
207,Gentoo,5000,Biscoe,50.1,15,225,male,2008
208,Gentoo,4900,Biscoe,46.5,14.4,217,female,2008
209,Gentoo,5050,Biscoe,45,15.4,220,male,2008
210,Gentoo,4300,Biscoe,43.8,13.9,208,female,2008
211,Gentoo,5000,Biscoe,45.5,15,220,male,2008
212,Gentoo,4450,Biscoe,43.2,14.5,208,female,2008
213,Gentoo,5550,Biscoe,50.4,15.3,224,male,2008
214,Gentoo,4200,Biscoe,45.3,13.8,208,female,2008
215,Gentoo,5300,Biscoe,46.2,14.9,221,male,2008
216,Gentoo,4400,Biscoe,45.7,13.9,214,female,2008
217,Gentoo,5650,Biscoe,54.3,15.7,231,male,2008
218,Gentoo,4700,Biscoe,45.8,14.2,219,female,2008
219,Gentoo,5700,Biscoe,49.8,16.8,230,male,2008
220,Gentoo,4650,Biscoe,46.2,14.4,214,NA,2008
221,Gentoo,5800,Biscoe,49.5,16.2,229,male,2008
222,Gentoo,4700,Biscoe,43.5,14.2,220,female,2008
223,Gentoo,5550,Biscoe,50.7,15,223,male,2008
224,Gentoo,4750,Biscoe,47.7,15,216,female,2008
225,Gentoo,5000,Biscoe,46.4,15.6,221,male,2008
226,Gentoo,5100,Biscoe,48.2,15.6,221,male,2008
227,Gentoo,5200,Biscoe,46.5,14.8,217,female,2008
228,Gentoo,4700,Biscoe,46.4,15,216,female,2008
229,Gentoo,5800,Biscoe,48.6,16,230,male,2008
230,Gentoo,4600,Biscoe,47.5,14.2,209,female,2008
231,Gentoo,6000,Biscoe,51.1,16.3,220,male,2008
232,Gentoo,4750,Biscoe,45.2,13.8,215,female,2008
233,Gentoo,5950,Biscoe,45.2,16.4,223,male,2008
234,Gentoo,4625,Biscoe,49.1,14.5,212,female,2009
235,Gentoo,5450,Biscoe,52.5,15.6,221,male,2009
236,Gentoo,4725,Biscoe,47.4,14.6,212,female,2009
237,Gentoo,5350,Biscoe,50,15.9,224,male,2009
238,Gentoo,4750,Biscoe,44.9,13.8,212,female,2009
239,Gentoo,5600,Biscoe,50.8,17.3,228,male,2009
240,Gentoo,4600,Biscoe,43.4,14.4,218,female,2009
241,Gentoo,5300,Biscoe,51.3,14.2,218,male,2009
242,Gentoo,4875,Biscoe,47.5,14,212,female,2009
243,Gentoo,5550,Biscoe,52.1,17,230,male,2009
244,Gentoo,4950,Biscoe,47.5,15,218,female,2009
245,Gentoo,5400,Biscoe,52.2,17.1,228,male,2009
246,Gentoo,4750,Biscoe,45.5,14.5,212,female,2009
247,Gentoo,5650,Biscoe,49.5,16.1,224,male,2009
248,Gentoo,4850,Biscoe,44.5,14.7,214,female,2009
249,Gentoo,5200,Biscoe,50.8,15.7,226,male,2009
250,Gentoo,4925,Biscoe,49.4,15.8,216,male,2009
251,Gentoo,4875,Biscoe,46.9,14.6,222,female,2009
252,Gentoo,4625,Biscoe,48.4,14.4,203,female,2009
253,Gentoo,5250,Biscoe,51.1,16.5,225,male,2009
254,Gentoo,4850,Biscoe,48.5,15,219,female,2009
255,Gentoo,5600,Biscoe,55.9,17,228,male,2009
256,Gentoo,4975,Biscoe,47.2,15.5,215,female,2009
257,Gentoo,5500,Biscoe,49.1,15,228,male,2009
258,Gentoo,4725,Biscoe,47.3,13.8,216,NA,2009
259,Gentoo,5500,Biscoe,46.8,16.1,215,male,2009
260,Gentoo,4700,Biscoe,41.7,14.7,210,female,2009
261,Gentoo,5500,Biscoe,53.4,15.8,219,male,2009
262,Gentoo,4575,Biscoe,43.3,14,208,female,2009
263,Gentoo,5500,Biscoe,48.1,15.1,209,male,2009
264,Gentoo,5000,Biscoe,50.5,15.2,216,female,2009
265,Gentoo,5950,Biscoe,49.8,15.9,229,male,2009
266,Gentoo,4650,Biscoe,43.5,15.2,213,female,2009
267,Gentoo,5500,Biscoe,51.5,16.3,230,male,2009
268,Gentoo,4375,Biscoe,46.2,14.1,217,female,2009
269,Gentoo,5850,Biscoe,55.1,16,230,male,2009
270,Gentoo,4875,Biscoe,44.5,15.7,217,NA,2009
271,Gentoo,6000,Biscoe,48.8,16.2,222,male,2009
272,Gentoo,4925,Biscoe,47.2,13.7,214,female,2009
274,Gentoo,4850,Biscoe,46.8,14.3,215,female,2009
275,Gentoo,5750,Biscoe,50.4,15.7,222,male,2009
276,Gentoo,5200,Biscoe,45.2,14.8,212,female,2009
277,Gentoo,5400,Biscoe,49.9,16.1,213,male,2009
278,Chinstrap,3500,Dream,46.5,17.9,192,female,2007
279,Chinstrap,3900,Dream,50,19.5,196,male,2007
280,Chinstrap,3650,Dream,51.3,19.2,193,male,2007
281,Chinstrap,3525,Dream,45.4,18.7,188,female,2007
282,Chinstrap,3725,Dream,52.7,19.8,197,male,2007
283,Chinstrap,3950,Dream,45.2,17.8,198,female,2007
284,Chinstrap,3250,Dream,46.1,18.2,178,female,2007
285,Chinstrap,3750,Dream,51.3,18.2,197,male,2007
286,Chinstrap,4150,Dream,46,18.9,195,female,2007
287,Chinstrap,3700,Dream,51.3,19.9,198,male,2007
288,Chinstrap,3800,Dream,46.6,17.8,193,female,2007
289,Chinstrap,3775,Dream,51.7,20.3,194,male,2007
290,Chinstrap,3700,Dream,47,17.3,185,female,2007
291,Chinstrap,4050,Dream,52,18.1,201,male,2007
292,Chinstrap,3575,Dream,45.9,17.1,190,female,2007
293,Chinstrap,4050,Dream,50.5,19.6,201,male,2007
294,Chinstrap,3300,Dream,50.3,20,197,male,2007
295,Chinstrap,3700,Dream,58,17.8,181,female,2007
296,Chinstrap,3450,Dream,46.4,18.6,190,female,2007
297,Chinstrap,4400,Dream,49.2,18.2,195,male,2007
298,Chinstrap,3600,Dream,42.4,17.3,181,female,2007
299,Chinstrap,3400,Dream,48.5,17.5,191,male,2007
300,Chinstrap,2900,Dream,43.2,16.6,187,female,2007
301,Chinstrap,3800,Dream,50.6,19.4,193,male,2007
302,Chinstrap,3300,Dream,46.7,17.9,195,female,2007
303,Chinstrap,4150,Dream,52,19,197,male,2007
304,Chinstrap,3400,Dream,50.5,18.4,200,female,2008
305,Chinstrap,3800,Dream,49.5,19,200,male,2008
306,Chinstrap,3700,Dream,46.4,17.8,191,female,2008
307,Chinstrap,4550,Dream,52.8,20,205,male,2008
308,Chinstrap,3200,Dream,40.9,16.6,187,female,2008
309,Chinstrap,4300,Dream,54.2,20.8,201,male,2008
310,Chinstrap,3350,Dream,42.5,16.7,187,female,2008
311,Chinstrap,4100,Dream,51,18.8,203,male,2008
312,Chinstrap,3600,Dream,49.7,18.6,195,male,2008
313,Chinstrap,3900,Dream,47.5,16.8,199,female,2008
314,Chinstrap,3850,Dream,47.6,18.3,195,female,2008
315,Chinstrap,4800,Dream,52,20.7,210,male,2008
316,Chinstrap,2700,Dream,46.9,16.6,192,female,2008
317,Chinstrap,4500,Dream,53.5,19.9,205,male,2008
318,Chinstrap,3950,Dream,49,19.5,210,male,2008
319,Chinstrap,3650,Dream,46.2,17.5,187,female,2008
320,Chinstrap,3550,Dream,50.9,19.1,196,male,2008
321,Chinstrap,3500,Dream,45.5,17,196,female,2008
322,Chinstrap,3675,Dream,50.9,17.9,196,female,2009
323,Chinstrap,4450,Dream,50.8,18.5,201,male,2009
324,Chinstrap,3400,Dream,50.1,17.9,190,female,2009
325,Chinstrap,4300,Dream,49,19.6,212,male,2009
326,Chinstrap,3250,Dream,51.5,18.7,187,male,2009
327,Chinstrap,3675,Dream,49.8,17.3,198,female,2009
328,Chinstrap,3325,Dream,48.1,16.4,199,female,2009
329,Chinstrap,3950,Dream,51.4,19,201,male,2009
330,Chinstrap,3600,Dream,45.7,17.3,193,female,2009
331,Chinstrap,4050,Dream,50.7,19.7,203,male,2009
332,Chinstrap,3350,Dream,42.5,17.3,187,female,2009
333,Chinstrap,3450,Dream,52.2,18.8,197,male,2009
334,Chinstrap,3250,Dream,45.2,16.6,191,female,2009
335,Chinstrap,4050,Dream,49.3,19.9,203,male,2009
336,Chinstrap,3800,Dream,50.2,18.8,202,male,2009
337,Chinstrap,3525,Dream,45.6,19.4,194,female,2009
338,Chinstrap,3950,Dream,51.9,19.5,206,male,2009
339,Chinstrap,3650,Dream,46.8,16.5,189,female,2009
340,Chinstrap,3650,Dream,45.7,17,195,female,2009
341,Chinstrap,4000,Dream,55.8,19.8,207,male,2009
342,Chinstrap,3400,Dream,43.5,18.1,202,female,2009
343,Chinstrap,3775,Dream,49.6,18.2,193,male,2009
344,Chinstrap,4100,Dream,50.8,19,210,male,2009
345,Chinstrap,3775,Dream,50.2,18.7,198,female,2009
