"year_end","unemployment_percent","inflation_percent"
"2000-12-31","3.992","3.37685727149929"
"2001-12-31","4.731","2.82617111885407"
"2002-12-31","5.783","1.58603162650601"
"2003-12-31","5.989","2.27009497336115"
"2004-12-31","5.529","2.67723669309172"
"2005-12-31","5.084","3.3927468454955"
"2006-12-31","4.623","3.22594410070404"
"2007-12-31","4.622","2.85267248150138"
"2008-12-31","5.784","3.839100296651"
"2009-12-31","9.254","-0.355546266299747"
"2010-12-31","9.633","1.6400434423899"
"2011-12-31","8.949","3.156841568622"
"2012-12-31","8.069","2.06933726526067"
"2013-12-31","7.375","1.46483265562717"
"2014-12-31","6.168","1.62222297740817"
"2015-12-31","5.28","0.118627135552451"
"2016-12-31","4.869","1.26158320570536"
"2017-12-31","4.355","2.13011000365961"
"2018-12-31","3.896","2.44258329692817"
"2019-12-31","3.669","1.81221007526021"
"2020-12-31","8.055","1.23358439630629"
"2021-12-31","5.349","4.69785886363742"
"2022-12-31","3.65","8.00279982052121"
"2023-12-31","3.638","4.11633838374488"
"2024-12-31","4.022","2.94952520485207"
