year,country,growth
2014,CHN,7.46100735778161
2014,DEU,2.18018602168017
2014,USA,2.52381981757846
2015,CHN,6.98162255562367
2015,DEU,1.66300602334775
2015,USA,2.94555045227337
2016,CHN,6.7736886867727
2016,DEU,2.22222216259371
2016,USA,1.81945147909089
2017,CHN,6.89123916636191
2017,DEU,2.797906720551
2017,USA,2.45762230126449
2018,CHN,6.757806142324
2018,DEU,1.13569604599849
2018,USA,2.96650506701943
2019,CHN,6.06737806333672
2019,DEU,0.977734697038784
2019,USA,2.58382533052225
2020,CHN,2.33950385203023
2020,DEU,-4.13191443239947
2020,USA,-2.081375977796
2021,CHN,8.57038414981781
2021,DEU,3.90999994204108
2021,USA,6.15202247867526
2022,CHN,3.13385438394069
2022,DEU,1.8092581243061
2022,USA,2.52421385073222
2023,CHN,5.41600334492955
2023,DEU,-0.869647578573321
2023,USA,2.93436322440155